current_title,url
"The Benefits of Slowing Down","https://www.youngmoney.co/i/146186493"
"Ai is Making the Internet Worse","https://www.youngmoney.co/i/146186494"
"Adios Business School","https://www.youngmoney.co/i/146186495"
"No Rules","https://www.youngmoney.co/i/146186496"
"Be Your Own Marketing","https://www.youngmoney.co/i/146186497"
"Is Business School Worth it","https://www.youngmoney.co/i/146186498"
"Jack s March 2024 Recap","https://www.youngmoney.co/i/146186499"
"Rethinking Risk","https://www.youngmoney.co/i/146186500"
"Media Isn t Dead it s Evolving","https://www.youngmoney.co/i/146186501"
"Why Don t We do What We Want","https://www.youngmoney.co/i/146186502"
"Jack s February 2024 Recap I Got a Job","https://www.youngmoney.co/i/146186503"
"What Are We Assuming","https://www.youngmoney.co/i/146186504"
"On Anonymity and the Right to Privacy","https://www.youngmoney.co/i/146186505"
"Jack s January 2024 Recap","https://www.youngmoney.co/i/146186506"
"Cost Efficiency","https://www.youngmoney.co/i/146186507"
"Everything Wrong New Years Resolutions","https://www.youngmoney.co/i/146186508"
"Americans Aren t Poor They re Pre Rich","https://www.youngmoney.co/i/146186509"
"Not Everything Depends on Context","https://www.youngmoney.co/i/146186510"
"The Cost of Progress","https://www.youngmoney.co/i/146186511"
"Creating Your Own Career","https://www.youngmoney.co/i/146186512"
"The Creator Economy Isn t Dead","https://www.youngmoney.co/i/146215701"
"Why Are Young People Rich and Miserable","https://www.youngmoney.co/i/146215703"
"Two Types of Money Problems","https://www.youngmoney.co/i/146215704"
"Magic Internet Money","https://www.youngmoney.co/i/146215705"
"Betting Against Regulators","https://www.youngmoney.co/i/146215706"
"Everything You Can t Predict","https://www.youngmoney.co/i/146215707"
"Instacart s Ipo and the Problem With Series I s","https://www.youngmoney.co/i/146215708"
"The Cyclicality of Everything","https://www.youngmoney.co/i/146215709"
"New Ftx Fraud Just Dropped","https://www.youngmoney.co/i/146215710"
"Margin of Safety","https://www.youngmoney.co/i/146215711"
"Timing Matters","https://www.youngmoney.co/i/146215735"
"What s a Reputation Worth","https://www.youngmoney.co/i/146215736"
"Some Advice for a 22 Year Old Just Getting Started","https://www.youngmoney.co/i/146215738"
"Halfway Through my Professionally Acceptable Two Year Experiment","https://www.youngmoney.co/i/146215743"
"What s Going on Retail Traders Love Bankrupt Stocks","https://www.youngmoney.co/i/146215744"
"The Inefficient Market Hypothesis How Hertz Became the First Meme Stock","https://www.youngmoney.co/i/146215746"
"Categories of 1","https://www.youngmoney.co/i/146215747"
"Five Career Related Things I Ve Changed my Mind on","https://www.youngmoney.co/i/146215749"
"Does Threads Pose an Existential Threat to Twitter","https://www.youngmoney.co/i/146215750"
"The Money Cliff","https://www.youngmoney.co/i/146215751"
"In Defense of the Fed","https://www.youngmoney.co/i/146215753"
"Chasing the Ai Goldrush","https://www.youngmoney.co/i/146215755"
"The Difference Between Self Employment and Normal Jobs","https://www.youngmoney.co/i/146215758"
"You Don t Have to and Probably Shouldn t Make Your Passion Your Profession","https://www.youngmoney.co/i/146215759"
"You Can Be Successful Without Being Insufferable","https://www.youngmoney.co/i/146215762"
"The Case for Living Life Backwards","https://www.youngmoney.co/i/146215764"
"The Most Important Asset That You Never Think About","https://www.youngmoney.co/i/146215765"
"The Offers You Shouldn t Accept","https://www.youngmoney.co/i/146215767"
"We Should Really Be Having More Kids","https://www.youngmoney.co/i/146215768"
"The Upside to Delayed Success","https://www.youngmoney.co/i/146215770"
"That Whole Your Network is Your Net Worth Cliche","https://www.youngmoney.co/i/146215771"
"Dopamine Overload","https://www.youngmoney.co/i/146215772"
"Did Judas Iscariot Make the Worst Deal in History","https://www.youngmoney.co/i/146215773"
"The Metaverse Was a Pandemic Pipe Dream","https://www.youngmoney.co/i/146215774"
"How to Create Your Own Luck","https://www.youngmoney.co/i/146215777"
"26 Loaded","https://www.youngmoney.co/i/146215778"
"Fighting Entropy","https://www.youngmoney.co/i/146215779"
"March Madness the Billion Dollar Nonprofit","https://www.youngmoney.co/i/146215780"
"Everything You Didn t Think of","https://www.youngmoney.co/i/146215782"
"Coffee Chat 3 Ben Minden From Bear Hug Cattle Company","https://www.youngmoney.co/i/146215805"
"Infinite Games","https://www.youngmoney.co/i/146215807"
"How Does This Whole Writing Online Thing Work","https://www.youngmoney.co/i/146215808"
"Let Me Tell You a Story","https://www.youngmoney.co/i/146215809"
"Mwk","https://www.youngmoney.co/i/146215810"
"What Does Upper Middle Class Actually Mean","https://www.youngmoney.co/i/146215814"
"Lifestyles of the Rich Famous","https://www.youngmoney.co/i/146215816"
"One Trick Ponies","https://www.youngmoney.co/i/146215817"
"The Timeless Stuff","https://www.youngmoney.co/i/146215820"
"It s Not Supposed to Be Easy","https://www.youngmoney.co/i/146215821"
"When Diversification Dies","https://www.youngmoney.co/i/146215822"
"11 Things That 0 Interest Rates Caused","https://www.youngmoney.co/i/146215823"
"Bear Markets and Identity Crises","https://www.youngmoney.co/i/146215824"
"If You re Reading This You Ve Already Won","https://www.youngmoney.co/i/146215825"
"Why New Year s Resolutions Fail and How to Make Them Stick","https://www.youngmoney.co/i/146215827"
"Why Investing is Hard","https://www.youngmoney.co/i/146215828"
"That s a Wrap 2022","https://www.youngmoney.co/i/146215829"
"The Hidden Cost of Artificial Intelligence","https://www.youngmoney.co/i/146215830"
"Coffee Chat 2 With Ben Miller","https://www.youngmoney.co/i/146215831"
"Defining Enough","https://www.youngmoney.co/i/146215832"
"The Beauty of Sports","https://www.youngmoney.co/i/146215833"
"Terminally Online","https://www.youngmoney.co/i/146215834"
"Weird Nerds and Seductive Stories","https://www.youngmoney.co/i/146215835"
"Coffee Chat 1 With Ian Myers","https://www.youngmoney.co/i/146215839"
"The Struggles of Being a Creator","https://www.youngmoney.co/i/146215841"
"Ineffective Altruism","https://www.youngmoney.co/i/146215843"
"Magic Internet Money","https://www.youngmoney.co/i/146215844"
"The Golden Age of Grift","https://www.youngmoney.co/i/146215845"
"Location Location Location","https://www.youngmoney.co/i/146215848"
"Some More Unconventional Finance Advice","https://www.youngmoney.co/i/146215849"
"The Money Value of Time","https://www.youngmoney.co/i/146215851"
"I M Pretty Sure I Broke Linkedin","https://www.youngmoney.co/i/146215870"
"In the Heat of the Moment","https://www.youngmoney.co/i/146215871"
"Will Ai Replace Creative Work","https://www.youngmoney.co/i/146215874"
"So Why Are You in Business School","https://www.youngmoney.co/i/146215876"
"The Dichotomy of Work","https://www.youngmoney.co/i/146215877"
"Almost Didn t Happen","https://www.youngmoney.co/i/146215882"
"Rethinking Risk","https://www.youngmoney.co/i/146215883"
"Are You Paying Attention","https://www.youngmoney.co/i/146215884"
"A Memoir to Chamath and the Spac Bubble","https://www.youngmoney.co/i/146215886"
"Fomo","https://www.youngmoney.co/i/146215887"
"Good Ignorance","https://www.youngmoney.co/i/146215890"
"Same Cards Different Games","https://www.youngmoney.co/i/146215891"
"The Overfinancialization of Everything","https://www.youngmoney.co/i/146215895"
"Flavor of the Week","https://www.youngmoney.co/i/146215898"
"You Can t Cure Cancer With a Bandaid the Student Debt Problem","https://www.youngmoney.co/i/146215899"
"On Meaningless Careers","https://www.youngmoney.co/i/146215901"
"Apple s Diabolical Plan to Control the Ads","https://www.youngmoney.co/i/146215904"
"Can t Take it With You","https://www.youngmoney.co/i/146215906"
"Six Types of Wealth","https://www.youngmoney.co/i/146215907"
"The Religion of Speculation","https://www.youngmoney.co/i/146215908"
"Moving to New York","https://www.youngmoney.co/i/146215909"
"660m in a Day the Big Oil Short","https://www.youngmoney.co/i/146215910"
"1 1 3","https://www.youngmoney.co/i/146215911"
"The Case for Traveling More","https://www.youngmoney.co/i/146215913"
"What Recession","https://www.youngmoney.co/i/146215914"
"The Truth About Work Life Balance","https://www.youngmoney.co/i/146215915"
"Good Luck","https://www.youngmoney.co/i/146215917"
"Young Money Turns 1","https://www.youngmoney.co/i/146215918"
"How I Write","https://www.youngmoney.co/i/146215919"
"A Totally Serious List of Ideas to Solve the Debt Crisis","https://www.youngmoney.co/i/146215920"
"In Pursuit of Side Quests","https://www.youngmoney.co/i/146215921"
"A Politically Incorrect Blog Post","https://www.youngmoney.co/i/146215922"
"Spotlight Effect","https://www.youngmoney.co/i/146215923"
"The Eye of the Storm","https://www.youngmoney.co/i/146215926"
"Not Financial Advice","https://www.youngmoney.co/i/146215944"
"What Money Can t Buy","https://www.youngmoney.co/i/146215945"
"What a Time to Be Alive","https://www.youngmoney.co/i/146215946"
"Worlds Best Inflation Hedge","https://www.youngmoney.co/i/146215947"
"The Benefits of Boring","https://www.youngmoney.co/i/146215950"
"The Future of You","https://www.youngmoney.co/i/146215951"
"The Inefficient Market Hypothesis","https://www.youngmoney.co/i/146215953"
"Snap Back to Reality","https://www.youngmoney.co/i/146215954"
"What Are You Waiting for","https://www.youngmoney.co/i/146215956"
"10 Ideas That I Ve Been Thinking About","https://www.youngmoney.co/i/146215958"
"How to Actually Learn a Foreign Language","https://www.youngmoney.co/i/146215961"
"Price Anchoring and Broken Stories","https://www.youngmoney.co/i/146215963"
"Argentina s Inflation Problem","https://www.youngmoney.co/i/146215964"
"Lets Spend Money","https://www.youngmoney.co/i/146215965"
"The Paradox of Choice","https://www.youngmoney.co/i/146215966"
"Fate Loves Irony","https://www.youngmoney.co/i/146215968"
"A New Definition of Alpha","https://www.youngmoney.co/i/146215969"
"Trickle Down Euphoria","https://www.youngmoney.co/i/146215970"
"Putting Success on a Pedestal","https://www.youngmoney.co/i/146215971"
"Jack of All Trades Master of Some","https://www.youngmoney.co/i/146215972"
"Madness of the Crowds","https://www.youngmoney.co/i/146215973"
"Clock Hits Zero","https://www.youngmoney.co/i/146215974"
"Sins of Extrapolation","https://www.youngmoney.co/i/146215975"
"The Economics of Writing Online","https://www.youngmoney.co/i/146215977"
"25 Loaded","https://www.youngmoney.co/i/146215978"
"Germany s Russian Gas Problem","https://www.youngmoney.co/i/146215981"
"How I Lost 150k in a Day","https://www.youngmoney.co/i/146215982"
"The Privilege to Take Risks","https://www.youngmoney.co/i/146215984"
"March Madness the Billion Dollar Nonprofit","https://www.youngmoney.co/i/146215986"
"Time Isn t Money","https://www.youngmoney.co/i/146215989"
"Risk","https://www.youngmoney.co/i/146215990"
"F Ck You Money","https://www.youngmoney.co/i/146215991"
"Precedented Times","https://www.youngmoney.co/i/146215992"
"Perverse Incentives","https://www.youngmoney.co/i/146215993"
"The Market is Wrong Bro","https://www.youngmoney.co/i/146215994"
"Being Right for the Wrong Reasons","https://www.youngmoney.co/i/146215995"
"Dopamine","https://www.youngmoney.co/i/146215998"
"Don t Burn the Ships","https://www.youngmoney.co/i/146215999"
"When the Arkk is Full","https://www.youngmoney.co/i/146216032"
"Volatile Times","https://www.youngmoney.co/i/146216034"
"Valuation Matters","https://www.youngmoney.co/i/146216035"
"The Opportunity Cost of Everything","https://www.youngmoney.co/i/146216036"
"Rest in Pieces Legacy Media","https://www.youngmoney.co/i/146216037"
"Turbulent Times","https://www.youngmoney.co/i/146216038"
"Creating Value Exerting Effort","https://www.youngmoney.co/i/146216040"
"Leverage for Your Life","https://www.youngmoney.co/i/146216041"
"Friendship Casualty Growing","https://www.youngmoney.co/i/146216042"
"Young Money is Moving to Beehiiv","https://www.youngmoney.co/i/146216047"
"When Community is Shaped Like a Pyramid","https://www.youngmoney.co/i/146216048"
"Reflection From my Time Abroad","https://www.youngmoney.co/i/146216051"
"House Money","https://www.youngmoney.co/i/146216054"
"Life Pro Tip Learn How to Write","https://www.youngmoney.co/i/146216055"
"Rich in Experiences Sufficient in Finances","https://www.youngmoney.co/i/146216056"
"A Bit About Me","https://www.youngmoney.co/i/146216057"
"Valuation Matters","https://www.youngmoney.co/i/146216059"
"Bias Towards Action","https://www.youngmoney.co/i/146216060"
"External Evidence Internal Confidence","https://www.youngmoney.co/i/146216064"
"National Treasure 3 the Rug Pull","https://www.youngmoney.co/i/146216065"
"The Golden Age of Grift","https://www.youngmoney.co/i/146216066"
"The Definition of Insanity","https://www.youngmoney.co/i/146216067"
"We the Peopl3","https://www.youngmoney.co/i/146216070"
"Inflation up Your Savings Down","https://www.youngmoney.co/i/146216073"
"Power to the Players","https://www.youngmoney.co/i/146216074"
"Play Dumb Get Rich","https://www.youngmoney.co/i/146216076"
"How Memes Move Markets","https://www.youngmoney.co/i/146216077"
"Indefinite Optimism","https://www.youngmoney.co/i/146216080"
"Everything is Sales","https://www.youngmoney.co/i/146216086"
"Need Good Story","https://www.youngmoney.co/i/146216087"
"Fire Festival","https://www.youngmoney.co/i/146216088"
"Remote Work Life Hack","https://www.youngmoney.co/i/146216089"
"500 Subscribers You Are Awesome","https://www.youngmoney.co/i/146216091"
"Carpe Dm","https://www.youngmoney.co/i/146216092"
"Health is Wealth","https://www.youngmoney.co/i/146216093"
"Wealth Isn t Zero Sum","https://www.youngmoney.co/i/146216113"
"So You Wanna Trade Stocks","https://www.youngmoney.co/i/146216115"
"Not Fungible","https://www.youngmoney.co/i/146216117"
"Picking the Right Game Being the Best Player","https://www.youngmoney.co/i/146216118"
"Where do I Start","https://www.youngmoney.co/i/146216119"
"Slowly Then All at Once","https://www.youngmoney.co/i/146216120"
"Frameworks Opportunities Goals","https://www.youngmoney.co/i/146216121"
"Stocks Go","https://www.youngmoney.co/i/146216123"
"Just do it","https://www.youngmoney.co/i/146216124"
"Homeownership American Dream or Financial Nightmare","https://www.youngmoney.co/i/146216125"
"It s Okay to Spend Money","https://www.youngmoney.co/i/146216126"
"Bitcoin or Bitcon","https://www.youngmoney.co/i/146216127"
"What Happens When Knowledge is Commoditized","https://www.youngmoney.co/i/146489598"
"The Purpose of Things Isnt to Stop","https://www.youngmoney.co/i/146489660"
"No More Ads Premium Subscriptions","https://www.youngmoney.co/i/146730714"
"334","https://www.youngmoney.co/i/146731518"
"The Overton Window Has Shifted","https://www.youngmoney.co/i/146734739"
"Fame Vs Influence","https://www.youngmoney.co/i/147220903"
"Some News Im Writing a Book","https://www.youngmoney.co/i/147422433"
"Analog is Cool Again","https://www.youngmoney.co/i/147723516"
"Tell Good Stories","https://www.youngmoney.co/i/147861785"
"Some Thoughts on Financial Markets","https://www.youngmoney.co/i/147943626"
"8262024 Market Thoughts","https://www.youngmoney.co/i/148165732"
"On the False Romanticization of Small","https://www.youngmoney.co/i/149066073"
"Investing in an Age of Distraction","https://www.youngmoney.co/i/149273343"
"Status Games Rule Everything Around","https://www.youngmoney.co/i/149476116"
"Email Post Title","https://www.youngmoney.co/i/149942868"
"Ask Good Questions","https://www.youngmoney.co/i/151309141"
"You Only Have to Get Rich Once","https://www.youngmoney.co/i/151525072"
"Factory Reset","https://www.youngmoney.co/i/152532408"
"New Year New Me New Job New City","https://www.youngmoney.co/i/154867778"
"The Late 20 Somethings Professional","https://www.youngmoney.co/i/155311112"
"Investing in Creators","https://www.youngmoney.co/i/156991030"
"Blog Template","https://www.youngmoney.co/i/158265769"
"My First Evening in San Francisco 62e","https://www.youngmoney.co/i/158266078"
"My First Evening in San Francisco","https://www.youngmoney.co/i/158276906"
"Russian Uber Drivers Are Americas","https://www.youngmoney.co/i/158735247"
"For Founders and Creators","https://www.youngmoney.co/i/158742529"
"Pre Travel Check","https://www.youngmoney.co/i/160746677"
"Chapter 1 Viva La Barcelona","https://www.youngmoney.co/i/160746762"
"Chapter 2 Adios Barca Hola Prague","https://www.youngmoney.co/i/160746830"
"28 Loaded","https://www.youngmoney.co/i/160747555"
"Chapter 3 Slavic City","https://www.youngmoney.co/i/161059461"
"Chapter 4 Budapest","https://www.youngmoney.co/i/161059514"
"Chapter 5 Some Thoughts After Two","https://www.youngmoney.co/i/161059545"
"Chapter 6 Adios Budapest Hello Krakow","https://www.youngmoney.co/i/161059722"
"Chapter 7a Hell on Earth","https://www.youngmoney.co/i/161059787"
"Chapter 7b Hell on Earth","https://www.youngmoney.co/i/161059823"
"Chapter 8 What s Krackin Krakow","https://www.youngmoney.co/i/161059848"
"Chapter 9 Lehgo Lagos","https://www.youngmoney.co/i/161059898"
"Chapter 10 a Good Week in Southern Spain","https://www.youngmoney.co/i/161059965"
"Chapter 11 a Few Good Stories and","https://www.youngmoney.co/i/161059999"
"Chapter 12 Slight Pivot Welcome to Switzerland","https://www.youngmoney.co/i/161060037"
"Chapter 13 an Italian Heist and a","https://www.youngmoney.co/i/161060063"
"Chapter 14 World s Best Road Trip","https://www.youngmoney.co/i/161060102"
"Chapter 15 Cliff Jumping in Croatia","https://www.youngmoney.co/i/161060121"
"Chapter 16 From Budapest to Florence","https://www.youngmoney.co/i/161060151"
"Chapter 155 50 Days in Now What","https://www.youngmoney.co/i/161060214"
"Chapter 17 Jack s Romana","https://www.youngmoney.co/i/161060261"
"Chapter 18 Fish and Chips","https://www.youngmoney.co/i/161060283"
"Chapter 19 Edinbruh Halloween Pt 1 and a New Job","https://www.youngmoney.co/i/161060306"
"Travel Tips for the Folks Back Home","https://www.youngmoney.co/i/161060373"
"Chapter 20 Tallest Man in Europe","https://www.youngmoney.co/i/161060406"
"Chapter 21 Edinburgh is so Class","https://www.youngmoney.co/i/161060424"
"Chapter 215 77 Thoughts for 77 Days","https://www.youngmoney.co/i/161060459"
"Chapter 22 Bike Capital of the World","https://www.youngmoney.co/i/161060494"
"Chapter 23 Scandinavious","https://www.youngmoney.co/i/161060530"
"Chapter 24 King of the North","https://www.youngmoney.co/i/161060565"
"Chapter 25 Berlin","https://www.youngmoney.co/i/161060596"
"Chapter 26 my Laptop Broke Lol","https://www.youngmoney.co/i/161060627"
"Chapter 27 Feliz Navidad in Sevilla","https://www.youngmoney.co/i/161060668"
"Chapter 28 a Proper Good Week in","https://www.youngmoney.co/i/161060709"
"Chapter 29 Reflection","https://www.youngmoney.co/i/161060758"
"Chapter 30 Were so Back","https://www.youngmoney.co/i/161060796"
"Chapter 31 Viva Argentina","https://www.youngmoney.co/i/161060831"
"Chapter 32 Super Bowl Down South","https://www.youngmoney.co/i/161060885"
"Chapter 33 Mar Del Plata","https://www.youngmoney.co/i/161060928"
"Chapter 34 Patagonia Not the Jacket","https://www.youngmoney.co/i/161060958"
"Let s Run it Back","https://www.youngmoney.co/i/161060990"
"Chapter 35 When in Rome","https://www.youngmoney.co/i/161061025"
"Chapter 36 Venice and Sicily","https://www.youngmoney.co/i/161061078"
"Chapter 37 Back to Barcelona","https://www.youngmoney.co/i/161061115"
"Chapter 38 Me Gusta Madrid","https://www.youngmoney.co/i/161061147"
"Chapter 39 Sevilla Was Hotter Than the Surface of the Sun","https://www.youngmoney.co/i/161061191"
"Chapter 40 Weekend in Barca","https://www.youngmoney.co/i/161061213"
"Chapter 41 Island Bois","https://www.youngmoney.co/i/161061246"
"Chapter 42 Madrid V2 and Porto","https://www.youngmoney.co/i/161061288"
"Chapter 43 Amsterdam With Friends","https://www.youngmoney.co/i/161061316"
"Chapter 44 Moving to New York","https://www.youngmoney.co/i/161061380"
"Chapter 45 Dominican Republic","https://www.youngmoney.co/i/161061489"
"Chapter 46 Medellin","https://www.youngmoney.co/i/161061548"
"Chapter 47 Live Laugh London","https://www.youngmoney.co/i/161061590"
"Chapter 48 Family Friendly Fun in Edinburgh","https://www.youngmoney.co/i/161061650"
"Chapter 49 the Squad Goes to Chamonix","https://www.youngmoney.co/i/161061709"
"Chapter 50 the Boys Go to Japan","https://www.youngmoney.co/i/161061758"
"Chapter 51 Sumo Sake and Some Naked","https://www.youngmoney.co/i/161061852"
"Chapter 52 Boys Trip to Guate","https://www.youngmoney.co/i/161061980"
"Chapter 53 Colombia With Columbia","https://www.youngmoney.co/i/161062042"
"Chapter 54 Colombia With Columbia","https://www.youngmoney.co/i/161062099"
"Chapter 55 Summer in Spain","https://www.youngmoney.co/i/161062147"
"Chapter 56 Rv Trip Out West","https://www.youngmoney.co/i/161062180"
"No One Had More Fun Than Donald Trump","https://www.youngmoney.co/i/161265987"
"The Inverse Correlation Between Influencers","https://www.youngmoney.co/i/161475917"
"Where is the Alpha When the World","https://www.youngmoney.co/i/161565337"
"Where is the Value Accruing","https://www.youngmoney.co/i/161628910"
"Were Getting Stupider and Stupider","https://www.youngmoney.co/i/161655909"
"Brb I Need to Finish Writing a Book","https://www.youngmoney.co/i/161768103"
"Your Favorite Influencer","https://www.youngmoney.co/i/161779562"
"What Are You Optimizing for","https://www.youngmoney.co/i/161779590"
"Join my New Subscriber Chat","https://www.youngmoney.co/i/162702241"
"Okay I Wrote a Book","https://www.youngmoney.co/i/168500986"
"Weekly Update Template","https://www.youngmoney.co/i/168508166"
"My Recent Experience With Vibe Coding","https://www.youngmoney.co/i/169093422"
"Vibe Coding Investing in Creators","https://www.youngmoney.co/i/169403021"
"Camcorders Are Back Lets Hang in","https://www.youngmoney.co/i/169943898"
"Jack and Megan Creator Livestream","https://www.youngmoney.co/i/170812686"
"Jack and Megan Creator Livestream","https://www.youngmoney.co/i/170812852"
"Travel Blog Template","https://www.youngmoney.co/i/170988482"
"Jack and Megan Creator Livestream","https://www.youngmoney.co/i/170993726"
"App Marketing","https://www.youngmoney.co/i/170999704"
"Chapter 57 a Week in Tel Aviv","https://www.youngmoney.co/i/171050974"
"Back to San Francisco and a Few Other","https://www.youngmoney.co/i/171835713"
"App Marketing","https://www.youngmoney.co/i/172190593"
"Performative Grind Culture and the","https://www.youngmoney.co/i/172521911"
